Data_Arquivo,Horario_Entrada,Liga,Jogo,Metodo,Odd_Base,Odd_Real_Pega,1/0
2026-04-02,00:00,BRAZIL 1,Chapecoense x Atletico MG,Lay_CS_0x1_B365,8.6,8.6,1.0
2026-04-02,00:00,BRAZIL 1,Red Bull Bragantino x Flamengo,Lay_CS_0x1_B365,8.6,8.6,1.0
2026-04-03,00:00,ROMANIA 1,Botosani x FCSB,Lay_CS_0x1_B365,9.8,9.8,1.0
2026-04-03,00:00,FRANCE 2,Annecy x Guingamp,Lay_CS_0x1_B365,10.5,10.5,1.0
2026-04-03,00:00,FRANCE 2,Grenoble x Clermont,Lay_CS_0x1_B365,10.5,10.5,1.0
2026-04-04,00:00,ROMANIA 1,Otelul Galati x Hermannstadt,Lay_CS_0x1_B365,10.5,10.5,1.0
2026-04-04,00:00,SLOVAKIA 1,Zemplin x Zilina,Lay_CS_0x1_B365,11.5,11.5,1.0
2026-04-04,00:00,SCOTLAND 2,Ayr x Partick,Lay_CS_0x1_B365,11.5,11.5,1.0
2026-04-05,00:00,CHINA 1,Tianjin Jinmen Tiger FC x Shanghai Shenhua,Lay_CS_0x1_B365,10.5,10.5,1.0
2026-04-05,00:00,SWEDEN 1,Kalmar FF x Vasteras SK,Lay_CS_0x1_B365,11.5,11.5,0.0
2026-04-05,00:00,SWEDEN 2,Sundsvall x United IK Nordic,Lay_CS_0x1_B365,11.5,11.5,1.0
2026-04-05,00:00,ITALY 1,US Cremonese x Bologna,Lay_CS_0x1_B365,9.6,9.6,1.0
2026-04-05,00:00,SERBIA 1,Radnik Surdulica x Crvena Zvezda,Lay_CS_0x1_B365,11.0,11.0,1.0
2026-04-05,00:00,SCOTLAND 1,Dundee x Celtic,Lay_CS_0x1_B365,11.5,11.5,1.0
2026-04-05,00:00,ISRAEL 1,Hapoel Haifa x Maccabi Tel Aviv,Lay_CS_0x1_B365,10.5,10.5,1.0
2026-04-05,00:00,BRAZIL 1,Chapecoense x EC Vitoria Salvador,Lay_CS_0x1_B365,11.0,11.0,1.0
2026-04-05,00:00,BRAZIL 1,Bahia x SE Palmeiras,Lay_CS_0x1_B365,11.5,11.5,1.0
2026-04-05,00:00,BRAZIL 1,Corinthians x Internacional,Lay_CS_0x1_B365,11.5,11.5,0.0
2026-04-05,00:00,SCOTLAND 1,Livingston x Hearts,Lay_CS_0x1_B365,8.8,8.8,1.0
2026-04-05,00:00,ITALY 1,Pisa x Torino,Lay_CS_0x1_B365,8.6,8.6,0.0
2026-04-05,00:00,CHILE 1,Deportes Concepcion x Colo Colo,Lay_CS_0x1_B365,8.8,8.8,1.0
2026-04-06,00:00,POLAND 1,Nieciecza x Piast Gliwice,Lay_CS_0x1_B365,10.5,10.5,1.0
2026-04-06,00:00,SWITZERLAND 1,Grasshoppers Zurich x Sion,Lay_CS_0x1_B365,11.5,11.5,1.0
2026-04-06,00:00,DENMARK 1,Vejle x Randers,Lay_CS_0x1_B365,11.0,11.0,1.0
2026-04-06,00:00,ITALY 2,Catanzaro x AC Monza,Lay_CS_0x1_B365,11.0,11.0,1.0
2026-04-06,00:00,ITALY 2,Reggiana x Pescara,Lay_CS_0x1_B365,10.5,10.5,1.0
2026-04-06,00:00,NORWAY 1,Ham-Kam x Brann,Lay_CS_0x1_B365,10.5,10.5,1.0
2026-04-06,00:00,ITALY 2,Sampdoria x Empoli,Lay_CS_0x1_B365,11.0,11.0,1.0
2026-04-06,00:00,TURKEY 1,Kocaelispor x Basaksehir,Lay_CS_0x1_B365,9.8,9.8,1.0
2026-04-06,00:00,PARAGUAY 1,Sportivo Trinidense x Rubio Nu,Lay_CS_0x1_B365,11.0,11.0,1.0
2026-04-06,00:00,BRAZIL 2,Goias x Criciuma,Lay_CS_0x1_B365,11.5,11.5,1.0
2026-04-06,00:00,PORTUGAL 2,Porto B x Chaves,Lay_CS_0x1_B365,8.8,8.8,1.0
2026-04-07,00:00,POLAND 1,Arka Gdynia x Zaglebie Lubin,Lay_CS_0x1_B365,9.8,9.8,1.0
2026-04-07,00:00,GERMANY 3,Duisburg x VfL Osnabruck,Lay_CS_0x1_B365,9.2,9.2,1.0
2026-04-07,00:00,SCOTLAND 2,Ayr x Dunfermline,Lay_CS_0x1_B365,10.0,10.0,1.0
2026-04-08,00:00,TURKEY 1,Goztepe x Galatasaray,Lay_CS_0x1_B365,8.8,8.8,1.0
2026-04-10,00:00,FINLAND 1,TPS x Lahti,Lay_CS_0x1_B365,11.0,11.0,1.0
2026-04-10,00:00,FRANCE 2,Annecy x Montpellier,Lay_CS_0x1_B365,10.5,10.5,1.0
2026-04-10,00:00,FRANCE 2,Clermont x Nancy,Lay_CS_0x1_B365,11.0,11.0,1.0
2026-04-10,00:00,SCOTLAND 2,Queens Park x Ross Co,Lay_CS_0x1_B365,9.6,9.6,1.0
2026-04-11,00:00,CHINA 1,Qingdao Youth Island x Liaoning Tieren FC,Lay_CS_0x1_B365,11.5,11.5,1.0
2026-04-11,00:00,GERMANY 1,FC Heidenheim x Union Berlin,Lay_CS_0x1_B365,11.5,11.5,1.0
2026-04-11,00:00,SCOTLAND 2,Ayr x Arbroath,Lay_CS_0x1_B365,11.0,11.0,1.0
2026-04-11,00:00,GERMANY 1,St Pauli x Bayern Munich,Lay_CS_0x1_B365,10.5,10.5,1.0
2026-04-11,00:00,BRAZIL 1,Remo x Vasco Da Gama,Lay_CS_0x1_B365,11.0,11.0,1.0
2026-04-12,00:00,PORTUGAL 2,Feirense x Vizela,Lay_CS_0x1_B365,9.6,9.6,1.0
2026-04-12,00:00,NETHERLANDS 2,FC Dordrecht x ADO Den Haag,Lay_CS_0x1_B365,11.5,11.5,1.0
2026-04-12,00:00,SCOTLAND 1,Falkirk x Rangers,Lay_CS_0x1_B365,11.0,11.0,1.0
2026-04-12,00:00,CHINA 1,Shijiazhuang Gongfu FC x Foshan Nanshi FC,Lay_CS_0x1_B365,10.5,10.5,0.0
2026-04-12,00:00,ENGLAND 1,Crystal Palace x Newcastle,Lay_CS_0x1_B365,11.5,11.5,1.0
2026-04-12,00:00,SWEDEN 2,IK Brage x Oddevold,Lay_CS_0x1_B365,11.0,11.0,1.0
2026-04-12,00:00,ENGLAND 1,Nottm Forest x Aston Villa,Lay_CS_0x1_B365,11.0,11.0,1.0
2026-04-12,00:00,ITALY 2,Padova x Empoli,Lay_CS_0x1_B365,9.6,9.6,1.0
2026-04-12,00:00,ENGLAND 1,Sunderland x Tottenham,Lay_CS_0x1_B365,11.5,11.5,1.0
2026-04-12,00:00,AUSTRIA 1,Austria Wien x Rapid Vienna,Lay_CS_0x1_B365,10.0,10.0,1.0
2026-04-12,00:00,DENMARK 1,Randers x FC Copenhagen,Lay_CS_0x1_B365,10.5,10.5,1.0
2026-04-13,00:00,ROMANIA 1,FC Metaloglobus Bucuresti x Csikszereda,Lay_CS_0x1_B365,10.5,10.5,0.0
2026-04-13,00:00,BULGARIA 1,CSKA Sofia x PFC Levski Sofia,Lay_CS_0x1_B365,11.5,11.5,1.0
2026-04-13,00:00,PORTUGAL 2,Lusitania Futebol Clube x Porto B,Lay_CS_0x1_B365,11.0,11.0,1.0
2026-04-13,00:00,ROMANIA 1,Universitatea Cluj x Universitatea Craiova,Lay_CS_0x1_B365,9.0,9.0,1.0
2026-04-13,00:00,TURKEY 1,Eyupspor x Samsunspor,Lay_CS_0x1_B365,8.8,8.8,1.0
2026-04-14,00:00,BULGARIA 1,Botev Vratsa x Lokomotiv Sofia,Lay_CS_0x1_B365,9.2,9.2,1.0
2026-04-14,00:00,BULGARIA 1,Dobrudzha x Botev Plovdiv,Lay_CS_0x1_B365,9.8,9.8,1.0
2026-04-15,00:00,BULGARIA 1,Cherno More x CSKA 1948 Sofia,Lay_CS_0x1_B365,11.0,11.0,1.0
2026-04-17,00:00,CHINA 1,Wuhan Three Towns x Chengdu Rongcheng,Lay_CS_0x1_B365,10.5,10.5,0.0
2026-04-17,00:00,ITALY 1,Sassuolo x Como,Lay_CS_0x1_B365,9.6,9.6,1.0
2026-04-17,00:00,GERMANY 1,St Pauli x FC Koln,Lay_CS_0x1_B365,10.5,10.5,1.0
2026-04-18,00:00,FINLAND 1,Jaro x KuPS,Lay_CS_0x1_B365,9.4,9.4,1.0
2026-04-18,00:00,SCOTLAND 2,Airdrieonians x Partick,Lay_CS_0x1_B365,10.0,10.0,1.0
2026-04-18,00:00,FINLAND 1,TPS x SJK,Lay_CS_0x1_B365,11.5,11.5,1.0
2026-04-18,00:00,FINLAND 1,IFK Mariehamn x Ilves,Lay_CS_0x1_B365,10.5,10.5,1.0
2026-04-18,00:00,WALES 1,Barry Town Utd x The New Saints,Lay_CS_0x1_B365,10.5,10.5,0.0
2026-04-18,00:00,TURKEY 1,Genclerbirligi x Galatasaray,Lay_CS_0x1_B365,9.2,9.2,1.0
2026-04-18,00:00,PORTUGAL 2,Torreense x Maritimo,Lay_CS_0x1_B365,10.5,10.5,1.0
2026-04-18,00:00,FRANCE 2,Bastia x St Etienne,Lay_CS_0x1_B365,8.6,8.6,1.0
2026-04-19,00:00,ITALY 1,US Cremonese x Torino,Lay_CS_0x1_B365,9.0,9.0,1.0
2026-04-19,00:00,TURKEY 1,Kasimpasa x Alanyaspor,Lay_CS_0x1_B365,11.0,11.0,1.0
2026-04-19,00:00,NORWAY 1,Ham-Kam x KFUM Oslo,Lay_CS_0x1_B365,11.5,11.5,1.0
2026-04-19,00:00,NORWAY 1,Sarpsborg x Tromso,Lay_CS_0x1_B365,11.5,11.5,0.0
2026-04-19,00:00,ROMANIA 1,ACS Petrolul 52 x Hermannstadt,Lay_CS_0x1_B365,11.5,11.5,1.0
2026-04-19,00:00,POLAND 1,Arka Gdynia x Jagiellonia Bialystock,Lay_CS_0x1_B365,10.5,10.5,1.0
2026-04-19,00:00,DENMARK 1,Vejle x FC Copenhagen,Lay_CS_0x1_B365,11.5,11.5,1.0
2026-04-19,00:00,ITALY 1,Pisa x Genoa,Lay_CS_0x1_B365,8.2,8.2,1.0
2026-04-20,00:00,ROMANIA 1,Farul Constanta x FCSB,Lay_CS_0x1_B365,10.0,10.0,1.0
2026-04-20,00:00,PORTUGAL 2,Porto B x Leixoes,Lay_CS_0x1_B365,11.0,11.0,1.0
2026-04-20,00:00,PORTUGAL 2,Sporting Lisbon B x Felgueiras,Lay_CS_0x1_B365,11.5,11.5,0.0
2026-04-21,00:00,CHINA 1,Tianjin Jinmen Tiger FC x Shandong Taishan,Lay_CS_0x1_B365,11.5,11.5,1.0
2026-04-21,00:00,AUSTRIA 1,SCR Altach x WSG Wattens,Lay_CS_0x1_B365,11.5,11.5,1.0
2026-04-21,00:00,SWEDEN 2,Orebro x Norrkoping,Lay_CS_0x1_B365,11.5,11.5,1.0
2026-04-22,00:00,CHINA 1,Qingdao Youth Island x Henan Songshan Longmen,Lay_CS_0x1_B365,11.5,11.5,1.0
2026-04-22,00:00,SERBIA 1,Radnik Surdulica x FK Novi Pazar,Lay_CS_0x1_B365,11.5,11.5,1.0
2026-04-22,00:00,SERBIA 1,Zeleznicar Pancevo x Crvena Zvezda,Lay_CS_0x1_B365,11.5,11.5,1.0
2026-04-23,00:00,SERBIA 1,FK Napredak x FK IMT Novi Beograd,Lay_CS_0x1_B365,9.8,9.8,0.0
2026-04-23,00:00,SERBIA 1,FK Spartak x FK Backa Topola,Lay_CS_0x1_B365,9.8,9.8,1.0
2026-04-24,00:00,FINLAND 1,VPS x Ilves,Lay_CS_0x1_B365,10.5,10.5,1.0
2026-04-24,00:00,FRANCE 2,Amiens x Montpellier,Lay_CS_0x1_B365,10.5,10.5,1.0
2026-04-24,00:00,FRANCE 2,Clermont x Bastia,Lay_CS_0x1_B365,9.6,9.6,1.0
2026-04-25,00:00,FRANCE 2,Grenoble x Le Mans,Lay_CS_0x1_B365,10.5,10.5,1.0
2026-04-25,00:00,FINLAND 1,Lahti x AC Oulu,Lay_CS_0x1_B365,10.5,10.5,1.0
2026-04-25,00:00,BULGARIA 1,CSKA Sofia x PFC Levski Sofia,Lay_CS_0x1_B365,11.5,11.5,1.0
2026-04-25,00:00,SCOTLAND 2,Arbroath x Partick,Lay_CS_0x1_B365,11.0,11.0,1.0
2026-04-25,00:00,NORWAY 1,Fredrikstad x Viking,Lay_CS_0x1_B365,11.5,11.5,1.0
2026-04-25,00:00,ITALY 1,Bologna x Roma,Lay_CS_0x1_B365,9.0,9.0,1.0
2026-04-25,00:00,PORTUGAL 2,Felgueiras x Leiria,Lay_CS_0x1_B365,10.5,10.5,1.0
2026-04-25,00:00,SCOTLAND 2,Queens Park x Dunfermline,Lay_CS_0x1_B365,8.4,8.4,1.0
2026-04-25,00:00,ITALY 1,Verona x Lecce,Lay_CS_0x1_B365,8.6,8.6,1.0
2026-04-26,00:00,CHINA 1,Changchun Yatai x Guangdong GZ-Power FC,Lay_CS_0x1_B365,9.2,9.2,1.0
2026-04-26,00:00,CHINA 1,Qingdao Hainiu x Shandong Taishan,Lay_CS_0x1_B365,9.4,9.4,1.0
2026-04-26,00:00,PORTUGAL 2,Lusitania Futebol Clube x Pacos Ferreira,Lay_CS_0x1_B365,11.0,11.0,1.0
2026-04-26,00:00,POLAND 1,Wisla Plock x Radomiak Radom,Lay_CS_0x1_B365,11.0,11.0,0.0
2026-04-26,00:00,TURKEY 1,Genclerbirligi x Kocaelispor,Lay_CS_0x1_B365,9.8,9.8,1.0
2026-04-26,00:00,CHINA 1,Henan Songshan Longmen x Shanghai Shenhua,Lay_CS_0x1_B365,11.5,11.5,1.0
2026-04-26,00:00,DENMARK 1,Silkeborg x Randers,Lay_CS_0x1_B365,11.0,11.0,1.0
2026-04-26,00:00,BULGARIA 1,Lokomotiv Plovdiv x Cherno More,Lay_CS_0x1_B365,11.0,11.0,0.0
2026-04-26,00:00,SWEDEN 1,IFK Goteborg x GAIS,Lay_CS_0x1_B365,11.5,11.5,1.0
2026-04-26,00:00,SCOTLAND 1,Hibernian x Hearts,Lay_CS_0x1_B365,11.0,11.0,1.0
2026-04-26,00:00,BULGARIA 1,Arda x Botev Plovdiv,Lay_CS_0x1_B365,9.4,9.4,1.0
2026-04-26,00:00,ITALY 1,Torino x Inter,Lay_CS_0x1_B365,9.8,9.8,1.0
2026-04-26,00:00,ITALY 1,Genoa x Como,Lay_CS_0x1_B365,8.2,8.2,1.0
2026-04-27,00:00,ROMANIA 1,FC Metaloglobus Bucuresti x Unirea Slobozia,Lay_CS_0x1_B365,10.0,10.0,1.0
2026-04-27,00:00,ITALY 1,Cagliari x Atalanta,Lay_CS_0x1_B365,9.0,9.0,1.0
2026-04-27,00:00,FRANCE 2,Boulogne x Dunkerque,Lay_CS_0x1_B365,10.5,10.5,1.0
